time_s,vx_command,vx_env0,vx_mean_all_envs
0.02,1.0,0.2485,0.0305
0.04,1.0,0.223,0.0174
0.06,1.0,0.216,0.0133
0.08,1.0,0.2134,0.0325
0.1,1.0,0.2032,0.078
0.12,1.0,0.1931,0.1547
0.14,1.0,0.2016,0.263
0.16,1.0,0.2527,0.3918
0.18,1.0,0.3481,0.5291
0.2,1.0,0.4795,0.6532
0.22,1.0,0.638,0.7491
0.24,1.0,0.7633,0.8176
0.26,1.0,0.8443,0.8621
0.28,1.0,0.8859,0.8894
0.3,1.0,0.9043,0.9044
0.32,1.0,0.9097,0.9113
0.34,1.0,0.9106,0.912
0.36,1.0,0.9055,0.9086
0.38,1.0,0.8982,0.9031
0.4,1.0,0.8828,0.9015
0.42,1.0,0.8531,0.9071
0.44,1.0,0.8448,0.9205
0.46,1.0,0.902,0.9417
0.48,1.0,0.9829,0.962
0.5,1.0,1.0689,0.9755
0.52,1.0,1.0854,0.9714
0.54,1.0,0.9942,0.9584
0.56,1.0,0.9383,0.9453
0.58,1.0,0.9109,0.9331
0.6,1.0,0.919,0.9261
0.62,1.0,0.931,0.927
0.64,1.0,0.9401,0.9355
0.66,1.0,0.9483,0.946
0.68,1.0,0.9572,0.9552
0.7,1.0,0.967,0.9613
0.72,1.0,0.9737,0.9631
0.74,1.0,0.9807,0.9587
0.76,1.0,0.9777,0.9482
0.78,1.0,0.9672,0.9341
0.8,1.0,0.9512,0.9174
0.82,1.0,0.9253,0.901
0.84,1.0,0.8848,0.8921
0.86,1.0,0.8615,0.8925
0.88,1.0,0.8625,0.903
0.9,1.0,0.884,0.919
0.92,1.0,0.9107,0.9365
0.94,1.0,0.9485,0.9531
0.96,1.0,0.9922,0.9607
0.98,1.0,1.0082,0.9628
1.0,1.0,1.0121,0.9566
1.02,1.0,0.9553,0.9487
1.04,1.0,0.9203,0.9498
1.06,1.0,0.9288,0.9534
1.08,1.0,0.9506,0.9617
1.1,1.0,0.9722,0.9726
1.12,1.0,0.9914,0.9822
1.14,1.0,1.0089,0.9872
1.16,1.0,1.0183,0.9859
1.18,1.0,1.0178,0.9783
1.2,1.0,1.0077,0.9633
1.22,1.0,0.9906,0.9423
1.24,1.0,0.9658,0.9168
1.26,1.0,0.9398,0.8887
1.28,1.0,0.8978,0.8625
1.3,1.0,0.8458,0.8431
1.32,1.0,0.8106,0.8333
1.34,1.0,0.7863,0.8349
1.36,1.0,0.7949,0.8475
1.38,1.0,0.8241,0.8658
1.4,1.0,0.8569,0.8858
1.42,1.0,0.8912,0.903
1.44,1.0,0.9253,0.9145
1.46,1.0,0.9416,0.9207
1.48,1.0,0.9452,0.9217
1.5,1.0,0.9079,0.9237
1.52,1.0,0.8976,0.9295
1.54,1.0,0.9104,0.9375
1.56,1.0,0.9315,0.9487
1.58,1.0,0.9518,0.9613
1.6,1.0,0.9712,0.972
1.62,1.0,0.9876,0.9785
1.64,1.0,0.9975,0.9802
1.66,1.0,1.0006,0.9761
1.68,1.0,0.9976,0.9653
1.7,1.0,0.9848,0.949
1.72,1.0,0.9738,0.9281
1.74,1.0,0.9443,0.9059
1.76,1.0,0.9065,0.8865
1.78,1.0,0.8553,0.8739
1.8,1.0,0.8217,0.8732
1.82,1.0,0.8282,0.8832
1.84,1.0,0.8577,0.8994
1.86,1.0,0.8948,0.916
1.88,1.0,0.934,0.9311
1.9,1.0,0.9691,0.9408
1.92,1.0,0.9853,0.9409
1.94,1.0,0.9425,0.9383
1.96,1.0,0.9101,0.9369
1.98,1.0,0.902,0.9386
2.0,1.0,0.9144,0.9447
2.02,1.0,0.9339,0.955
2.04,1.0,0.9534,0.9669
2.06,1.0,0.9729,0.9771
2.08,1.0,0.9892,0.984
2.1,1.0,0.9997,0.9859
2.12,1.0,1.0042,0.9816
2.14,1.0,0.9995,0.9719
2.16,1.0,0.9958,0.9563
2.18,1.0,0.9809,0.9363
2.2,1.0,0.9486,0.9163
2.22,1.0,0.9086,0.8989
2.24,1.0,0.8662,0.8897
2.26,1.0,0.8365,0.8925
2.28,1.0,0.8477,0.9047
2.3,1.0,0.8782,0.9223
2.32,1.0,0.9182,0.9385
2.34,1.0,0.9608,0.9524
2.36,1.0,0.9969,0.957
2.38,1.0,1.0077,0.9542
2.4,1.0,0.9625,0.9502
2.42,1.0,0.9194,0.9498
2.44,1.0,0.9131,0.9519
2.46,1.0,0.9224,0.9589
2.48,1.0,0.9421,0.9693
2.5,1.0,0.9628,0.9797
2.52,1.0,0.9836,0.987
2.54,1.0,0.9994,0.9906
2.56,1.0,1.0084,0.9885
2.58,1.0,1.0107,0.9809
2.6,1.0,1.0013,0.9673
2.62,1.0,0.9941,0.9485
2.64,1.0,0.9728,0.9275
2.66,1.0,0.9371,0.9085
2.68,1.0,0.8911,0.8947
2.7,1.0,0.8489,0.8919
2.72,1.0,0.8434,0.9001
2.74,1.0,0.8688,0.9154
2.76,1.0,0.9059,0.9314
2.78,1.0,0.946,0.9465
2.8,1.0,0.9835,0.956
2.82,1.0,1.009,0.9552
2.84,1.0,0.9609,0.9499
2.86,1.0,0.9218,0.9474
2.88,1.0,0.9149,0.9475
2.9,1.0,0.926,0.9521
2.92,1.0,0.9447,0.9619
2.94,1.0,0.9628,0.973
2.96,1.0,0.9809,0.9824
2.98,1.0,0.9957,0.9884
3.0,1.0,1.0053,0.9897
3.02,1.0,1.0093,0.9849
3.04,1.0,1.0055,0.9752
3.06,1.0,1.0033,0.9591
3.08,1.0,0.991,0.939
3.1,1.0,0.9611,0.9189
3.12,1.0,0.9235,0.9014
3.14,1.0,0.8739,0.8918
3.16,1.0,0.8406,0.8937
3.18,1.0,0.8472,0.9055
3.2,1.0,0.8768,0.9232
3.22,1.0,0.9172,0.939
3.24,1.0,0.9604,0.9535
3.26,1.0,0.9976,0.9594
3.28,1.0,1.0128,0.9564
3.3,1.0,0.9556,0.9518
3.32,1.0,0.9222,0.9503
3.34,1.0,0.9189,0.9517
3.36,1.0,0.9333,0.958
3.38,1.0,0.9514,0.968
3.4,1.0,0.9692,0.9783
3.42,1.0,0.9866,0.9859
3.44,1.0,0.9993,0.9898
3.46,1.0,1.0061,0.9878
3.48,1.0,1.0074,0.9802
3.5,1.0,0.9995,0.9672
3.52,1.0,0.9927,0.9483
3.54,1.0,0.9732,0.9272
3.56,1.0,0.9385,0.9078
3.58,1.0,0.8923,0.8931
3.6,1.0,0.8481,0.8889
3.62,1.0,0.8376,0.8961
3.64,1.0,0.8588,0.9111
3.66,1.0,0.8926,0.928
3.68,1.0,0.931,0.9433
3.7,1.0,0.9694,0.9533
3.72,1.0,0.9994,0.9541
3.74,1.0,0.9747,0.9495
3.76,1.0,0.9273,0.9466
3.78,1.0,0.9107,0.9464
3.8,1.0,0.9201,0.9506
3.82,1.0,0.9374,0.9603
3.84,1.0,0.9555,0.9717
3.86,1.0,0.9735,0.9813
3.88,1.0,0.9895,0.9878
3.9,1.0,1.0005,0.9897
3.92,1.0,1.0058,0.9859
3.94,1.0,1.003,0.9767
3.96,1.0,1.0039,0.9614
3.98,1.0,0.9946,0.9416
4.0,1.0,0.9695,0.921
4.02,1.0,0.933,0.9027
4.04,1.0,0.8862,0.8919
4.06,1.0,0.8459,0.8921
4.08,1.0,0.8464,0.9028
4.1,1.0,0.875,0.9204
4.12,1.0,0.9147,0.9361
4.14,1.0,0.9568,0.9512
4.16,1.0,0.9936,0.9584
4.18,1.0,1.0091,0.9561
4.2,1.0,0.953,0.9516
4.22,1.0,0.9199,0.95
4.24,1.0,0.9159,0.9508
4.26,1.0,0.9298,0.9567
4.28,1.0,0.9485,0.9668
4.3,1.0,0.9664,0.9774
4.32,1.0,0.9842,0.9853
4.34,1.0,0.9981,0.9898
4.36,1.0,1.0068,0.9887
4.38,1.0,1.0101,0.9819
4.4,1.0,1.0041,0.9694
4.42,1.0,0.9991,0.9515
4.44,1.0,0.9828,0.9308
4.46,1.0,0.9495,0.9107
4.48,1.0,0.9068,0.8954
4.5,1.0,0.8639,0.8902
4.52,1.0,0.8398,0.8965
4.54,1.0,0.8536,0.9113
4.56,1.0,0.8857,0.9285
4.58,1.0,0.9272,0.944
4.6,1.0,0.9698,0.9549
4.62,1.0,1.0049,0.9561
4.64,1.0,1.0026,0.9517
4.66,1.0,0.9473,0.948
4.68,1.0,0.9239,0.9472
4.7,1.0,0.9263,0.9511
4.72,1.0,0.9423,0.9603
4.74,1.0,0.9597,0.9714
4.76,1.0,0.977,0.9812
4.78,1.0,0.9923,0.9877
4.8,1.0,1.0024,0.9897
4.82,1.0,1.007,0.986
4.84,1.0,1.0064,0.9773
4.86,1.0,0.994,0.9621
4.88,1.0,0.9841,0.9429
4.9,1.0,0.9582,0.9223
4.92,1.0,0.9213,0.9039
4.94,1.0,0.8718,0.8921
4.96,1.0,0.8357,0.8917
4.98,1.0,0.8369,0.9019
5.0,1.0,0.8648,0.9194
5.02,1.0,0.9032,0.9354
5.04,1.0,0.9449,0.9502
5.06,1.0,0.983,0.9575
5.08,1.0,1.0045,0.9552
5.1,1.0,0.9501,0.95
5.12,1.0,0.9117,0.9481
5.14,1.0,0.907,0.9489
5.16,1.0,0.9177,0.9546
5.18,1.0,0.9368,0.9648
5.2,1.0,0.9559,0.9755
5.22,1.0,0.975,0.9838
5.24,1.0,0.9905,0.989
5.26,1.0,1.0002,0.9884
5.28,1.0,1.0041,0.9821
5.3,1.0,1.0003,0.9705
5.32,1.0,0.9977,0.953
5.34,1.0,0.9842,0.9324
5.36,1.0,0.9529,0.9122
5.38,1.0,0.9144,0.8962
5.4,1.0,0.8701,0.8896
5.42,1.0,0.8411,0.8946
5.44,1.0,0.8523,0.9092
5.46,1.0,0.882,0.9277
5.48,1.0,0.921,0.944
5.5,1.0,0.9625,0.955
5.52,1.0,0.9976,0.9564
5.54,1.0,1.0056,0.9524
5.56,1.0,0.9582,0.9484
5.58,1.0,0.9217,0.9469
5.6,1.0,0.9169,0.9507
5.62,1.0,0.9293,0.9596
5.64,1.0,0.9481,0.9709
5.66,1.0,0.9672,0.9809
5.68,1.0,0.9859,0.9874
5.7,1.0,0.9995,0.9898
5.72,1.0,1.0068,0.9867
5.74,1.0,1.0081,0.9783
5.76,1.0,0.9992,0.9638
5.78,1.0,0.992,0.9444
5.8,1.0,0.9711,0.9235
5.82,1.0,0.9356,0.9046
5.84,1.0,0.889,0.892
5.86,1.0,0.8447,0.8904
5.88,1.0,0.8385,0.9
5.9,1.0,0.8637,0.9178
5.92,1.0,0.9004,0.9348
5.94,1.0,0.9401,0.9499
5.96,1.0,0.9775,0.957
5.98,1.0,1.0037,0.9554
6.0,1.0,0.9642,0.9503
6.02,1.0,0.9243,0.9483
6.04,1.0,0.9146,0.9489
6.06,1.0,0.9261,0.9546
6.08,1.0,0.9447,0.9645
6.1,1.0,0.963,0.9755
6.12,1.0,0.9809,0.9839
6.14,1.0,0.9955,0.9891
6.16,1.0,1.0052,0.9892
6.18,1.0,1.0094,0.9834
6.2,1.0,1.0059,0.9725
6.22,1.0,1.0039,0.9552
6.24,1.0,0.9917,0.9346
6.26,1.0,0.9616,0.914
6.28,1.0,0.9238,0.897
6.3,1.0,0.8741,0.8891
6.32,1.0,0.8393,0.8933
6.34,1.0,0.8472,0.9073
6.36,1.0,0.8763,0.9262
6.38,1.0,0.9162,0.9431
6.4,1.0,0.9594,0.9559
6.42,1.0,0.997,0.9578
6.44,1.0,1.0106,0.9537
6.46,1.0,0.9582,0.9487
6.48,1.0,0.9203,0.9471
6.5,1.0,0.9165,0.9502
6.52,1.0,0.927,0.9589
6.54,1.0,0.9455,0.97
6.56,1.0,0.9646,0.9803
6.58,1.0,0.9838,0.9871
6.6,1.0,0.998,0.99
6.62,1.0,1.0058,0.9873
6.64,1.0,1.0074,0.9793
6.66,1.0,0.9996,0.9651
6.68,1.0,0.9926,0.9461
6.7,1.0,0.9723,0.925
6.72,1.0,0.9372,0.9053
6.74,1.0,0.8905,0.8921
6.76,1.0,0.8458,0.8899
6.78,1.0,0.8394,0.8988
6.8,1.0,0.8648,0.9162
6.82,1.0,0.9018,0.9336
6.84,1.0,0.9418,0.9491
6.86,1.0,0.9794,0.9569
6.88,1.0,1.0042,0.9552
6.9,1.0,0.9663,0.9499
6.92,1.0,0.9243,0.9474
6.94,1.0,0.914,0.9481
6.96,1.0,0.9256,0.9534
6.98,1.0,0.9443,0.9635
7.0,1.0,0.9626,0.9744
7.02,1.0,0.9805,0.9831
7.04,1.0,0.9953,0.9885
7.06,1.0,1.0049,0.9889
7.08,1.0,1.0092,0.9836
7.1,1.0,1.0053,0.9733
7.12,1.0,1.0032,0.9566
7.14,1.0,0.9907,0.9363
7.16,1.0,0.9603,0.9157
7.18,1.0,0.9227,0.8984
7.2,1.0,0.8707,0.8897
7.22,1.0,0.8414,0.8929
7.24,1.0,0.8527,0.9062
7.26,1.0,0.8829,0.9247
7.28,1.0,0.9232,0.9421
7.3,1.0,0.9664,0.9557
7.32,1.0,1.0033,0.9581
7.34,1.0,1.0118,0.9543
7.36,1.0,0.9649,0.9493
7.38,1.0,0.922,0.947
7.4,1.0,0.9162,0.9496
7.42,1.0,0.9259,0.9579
7.44,1.0,0.9453,0.9691
7.46,1.0,0.9656,0.9795
7.48,1.0,0.9861,0.9868
7.5,1.0,1.0015,0.9899
7.52,1.0,1.01,0.9873
7.54,1.0,1.0119,0.9797
7.56,1.0,1.0017,0.9659
7.58,1.0,0.9933,0.947
7.6,1.0,0.9701,0.926
7.62,1.0,0.9335,0.9063
7.64,1.0,0.8862,0.8928
7.66,1.0,0.8449,0.8897
7.68,1.0,0.8414,0.8977
7.7,1.0,0.8677,0.9148
7.72,1.0,0.9052,0.9328
7.74,1.0,0.9456,0.9487
7.76,1.0,0.9832,0.9575
7.78,1.0,1.0078,0.9564
7.8,1.0,0.9592,0.9506
7.82,1.0,0.9202,0.9478
7.84,1.0,0.9134,0.9478
7.86,1.0,0.9238,0.9532
7.88,1.0,0.9423,0.9634
7.9,1.0,0.9607,0.9745
7.92,1.0,0.9791,0.9835
7.94,1.0,0.9942,0.989
7.96,1.0,1.0038,0.9897
7.98,1.0,1.0078,0.9846
8.0,1.0,1.0043,0.9746
8.02,1.0,1.0021,0.9585
8.04,1.0,0.9895,0.9381
8.06,1.0,0.9591,0.9169
8.08,1.0,0.921,0.8994
8.1,1.0,0.8709,0.8899
8.12,1.0,0.8367,0.8924
8.14,1.0,0.844,0.9052
8.16,1.0,0.8727,0.924
8.18,1.0,0.9118,0.9413
8.2,1.0,0.9542,0.9555
8.22,1.0,0.9913,0.9583
8.24,1.0,1.007,0.9546
8.26,1.0,0.9536,0.9496
8.28,1.0,0.9202,0.9476
8.3,1.0,0.9158,0.9496
8.32,1.0,0.93,0.9575
8.34,1.0,0.9471,0.9686
8.36,1.0,0.9649,0.979
8.38,1.0,0.983,0.9864
8.4,1.0,0.9964,0.9897
8.42,1.0,1.0041,0.9875
8.44,1.0,1.006,0.9804
8.46,1.0,0.9987,0.967
8.48,1.0,0.9923,0.9485
8.5,1.0,0.9729,0.9278
8.52,1.0,0.9383,0.9079
8.54,1.0,0.8914,0.8937
8.56,1.0,0.8453,0.8896
8.58,1.0,0.8381,0.8969
8.6,1.0,0.8633,0.9139
8.62,1.0,0.9007,0.9322
8.64,1.0,0.941,0.9482
8.66,1.0,0.979,0.9578
8.68,1.0,1.0054,0.957
8.7,1.0,0.967,0.9515
8.72,1.0,0.9256,0.9483
8.74,1.0,0.9156,0.9477
8.76,1.0,0.9272,0.9528
8.78,1.0,0.9459,0.9629
8.8,1.0,0.964,0.9742
8.82,1.0,0.9817,0.9833
8.84,1.0,0.9963,0.9889
8.86,1.0,1.0059,0.9897
8.88,1.0,1.0103,0.9851
8.9,1.0,1.0062,0.9753
8.92,1.0,1.0041,0.9595
8.94,1.0,0.9918,0.9393
8.96,1.0,0.9618,0.9181
8.98,1.0,0.9241,0.9002
9.0,1.0,0.8733,0.89
9.02,1.0,0.8414,0.8919
9.04,1.0,0.8514,0.904
9.06,1.0,0.8815,0.9226
9.08,1.0,0.9221,0.9401
9.1,1.0,0.9658,0.9541
9.12,1.0,1.0031,0.9581
9.14,1.0,1.0131,0.9548
9.16,1.0,0.9647,0.9498
9.18,1.0,0.9228,0.9477
9.2,1.0,0.9172,0.9495
9.22,1.0,0.9267,0.9564
9.24,1.0,0.9457,0.9673
9.26,1.0,0.9656,0.9779
9.28,1.0,0.9858,0.9857
9.3,1.0,1.0007,0.9893
9.32,1.0,1.009,0.9878
9.34,1.0,1.0107,0.9811
9.36,1.0,1.001,0.9685
9.38,1.0,0.9932,0.9502
9.4,1.0,0.9712,0.9294
9.42,1.0,0.9353,0.9091
9.44,1.0,0.8888,0.894
9.46,1.0,0.8471,0.8891
9.48,1.0,0.8432,0.8961
9.5,1.0,0.8693,0.9128
9.52,1.0,0.9068,0.9321
9.54,1.0,0.9472,0.9489
9.56,1.0,0.9848,0.9589
9.58,1.0,1.0079,0.9579
9.6,1.0,0.9602,0.9523
9.62,1.0,0.9207,0.9481
9.64,1.0,0.9139,0.9474
9.66,1.0,0.924,0.9523
9.68,1.0,0.9424,0.9623
9.7,1.0,0.9606,0.9736
9.72,1.0,0.9789,0.9829
9.74,1.0,0.994,0.9886
9.76,1.0,1.0036,0.9898
9.78,1.0,1.0074,0.9854
9.8,1.0,1.0034,0.976
9.82,1.0,1.001,0.9605
9.84,1.0,0.9883,0.9404
9.86,1.0,0.9579,0.9192
9.88,1.0,0.9202,0.901
9.9,1.0,0.8687,0.8902
9.92,1.0,0.8374,0.8913
9.94,1.0,0.8478,0.903
9.96,1.0,0.8778,0.9214
9.98,1.0,0.9177,0.9388
10.0,1.0,0.9604,0.9532
