iteration,Train/mean_reward,Train/mean_episode_length,Episode/rew_tracking_lin_vel
0,0.00133,13.67708,0.00223
1,0.00921,41.13,0.00789
2,0.02019,62.48,0.01062
3,0.02245,81.9,0.01301
4,0.02639,101.54,0.01705
5,0.02738,113.38,0.01731
6,0.05445,133.53999,0.0275
7,0.06197,149.91,0.03075
8,0.07705,164.89,0.03651
9,0.07161,188.28,0.03484
10,0.0774,195.84,0.03632
11,0.13442,234.11,0.05484
12,0.12267,222.17,0.05359
13,0.09568,272.23001,0.05126
14,0.13426,305.97,0.05387
15,0.1714,318.09,0.06152
16,0.14324,347.39001,0.06415
17,0.14199,356.20001,0.07016
18,0.27207,380.70999,0.08191
19,0.26837,395.48999,0.08332
20,0.2253,393.73999,0.07365
21,0.20572,423.53,0.08243
22,0.20532,439.23001,0.07602
23,0.24981,434.98001,0.08742
24,0.22891,481.0,0.09459
25,0.30281,464.44,0.0958
26,0.41082,515.17999,0.11519
27,0.33989,501.25,0.10849
28,0.30269,515.41998,0.11353
29,0.6119,608.02002,0.14906
30,0.41878,602.03003,0.13146
31,0.4754,648.01001,0.16312
32,0.6566,642.82001,0.15889
33,0.74985,694.40997,0.18775
34,0.53901,713.34003,0.13488
35,0.55372,753.89001,0.14284
36,0.70881,787.69,0.17495
37,0.65046,748.56,0.15362
38,0.78091,812.03003,0.18001
39,0.81555,834.31,0.19307
40,1.02191,835.90002,0.20829
41,1.10226,820.32001,0.22269
42,0.91071,817.87,0.18912
43,1.08144,889.58002,0.2076
44,1.133,901.48999,0.19802
45,1.03395,873.13,0.1937
46,1.12342,857.04999,0.20736
47,0.98228,858.84998,0.21422
48,1.17383,855.52002,0.2206
49,1.16245,890.90997,0.21244
50,1.24863,847.64001,0.2157
51,1.15704,837.34003,0.20541
52,1.28401,854.13,0.18834
53,1.42526,773.37,0.2241
54,1.4476,792.69,0.20654
55,1.17583,873.56,0.20639
56,1.47012,814.03998,0.20317
57,1.08421,831.29999,0.18314
58,1.25678,910.47998,0.19977
59,1.51488,905.48999,0.2593
60,1.30617,900.56,0.20929
61,1.42893,880.46997,0.22047
62,1.30529,907.85999,0.20186
63,1.58709,865.91998,0.23503
64,1.19812,920.46997,0.20618
65,1.36957,882.12,0.20211
66,1.53355,912.65997,0.21254
67,1.54404,921.47998,0.20079
68,1.56886,946.46002,0.21876
69,1.82373,914.34003,0.20316
70,1.33187,915.58002,0.17855
71,1.58817,945.47998,0.22784
72,1.44809,926.82001,0.2004
73,1.66841,897.94,0.22934
74,1.6711,894.0,0.19951
75,1.36556,837.33002,0.18119
76,1.75149,931.67999,0.21418
77,1.43862,859.92999,0.19115
78,1.8796,852.03003,0.20283
79,1.76527,901.13,0.22319
80,1.63698,902.89001,0.19145
81,1.8976,810.90997,0.19993
82,1.63337,880.89001,0.18589
83,2.0846,848.82001,0.20744
84,1.71758,925.26001,0.18966
85,1.97735,913.73999,0.20674
86,2.08278,943.34998,0.20831
87,1.68076,962.13,0.19358
88,1.69398,868.33002,0.19941
89,1.9532,908.63,0.20124
90,1.81684,910.42999,0.211
91,2.12025,912.79999,0.23924
92,2.17652,898.08002,0.20775
93,2.21237,916.65002,0.20278
94,2.61973,907.84003,0.26421
95,2.28034,901.28003,0.23397
96,2.43907,891.85999,0.21982
97,2.29404,908.71002,0.23173
98,2.34598,900.72998,0.25652
99,2.48549,913.95001,0.234
100,2.67523,912.58002,0.2643
101,2.44975,917.09003,0.22815
102,2.64911,929.21997,0.2387
103,2.84901,947.78003,0.25717
104,2.68451,923.59003,0.2483
105,2.99334,933.51001,0.25936
106,3.19438,964.12,0.26773
107,3.33959,908.41998,0.31183
108,3.25562,954.56,0.28535
109,2.76204,870.47998,0.26994
110,3.00785,884.33002,0.26434
111,3.30865,943.46002,0.28626
112,3.37319,944.90997,0.28068
113,3.5007,922.65997,0.30878
114,3.46831,910.84003,0.28799
115,3.956,947.31,0.31686
116,3.92113,941.53003,0.33975
117,3.47522,866.98999,0.26727
118,3.51154,903.13,0.31667
119,4.40429,895.66998,0.35382
120,4.13116,923.84998,0.31223
121,4.19337,946.98999,0.33234
122,3.89032,884.14001,0.30615
123,4.44922,879.90997,0.36755
124,4.50341,946.0,0.33347
125,4.78582,908.96002,0.36103
126,4.36957,908.01001,0.35479
127,4.23256,924.63,0.32463
128,4.63543,894.69,0.35883
129,4.5245,923.15997,0.35214
130,5.24117,936.17999,0.4068
131,5.22149,935.63,0.42556
132,5.07181,948.69,0.39364
133,5.60026,947.57001,0.38354
134,5.75124,943.78998,0.4276
135,5.72152,952.59003,0.41605
136,5.6073,941.64001,0.40128
137,6.0439,939.34003,0.45099
138,5.6504,955.78003,0.42178
139,6.02751,937.81,0.42078
140,6.04656,940.44,0.44039
141,6.18668,957.14001,0.45905
142,5.99711,931.46002,0.44102
143,6.04937,932.31,0.39426
144,6.39758,953.28998,0.44544
145,6.37653,941.09003,0.45814
146,6.35961,948.03998,0.47113
147,7.65578,969.91998,0.50866
148,6.53533,970.14001,0.43819
149,6.76898,966.81,0.46772
150,6.78175,937.71002,0.48568
151,7.20296,966.72998,0.48688
152,7.12665,933.12,0.48951
153,7.49807,952.72998,0.51603
154,7.44729,962.95001,0.53118
155,8.59072,985.54999,0.57239
156,7.62168,945.48999,0.50018
157,8.13273,963.48999,0.5183
158,8.14382,963.51001,0.506
159,8.15488,970.40997,0.54808
160,8.69354,970.20001,0.556
161,8.10818,931.28003,0.542
162,9.0589,976.53998,0.58038
163,9.37759,976.60999,0.5967
164,8.69098,955.21002,0.57273
165,9.36104,956.20001,0.58725
166,8.80088,985.35999,0.5709
167,9.28759,972.90997,0.59044
168,9.20172,979.75,0.55843
169,9.80851,979.73999,0.62162
170,9.54647,979.90002,0.59084
171,9.17359,972.38,0.60844
172,9.84703,963.63,0.61678
173,9.77177,963.32001,0.6006
174,9.34406,932.41998,0.61755
175,9.12824,936.42999,0.59185
176,10.02896,951.08002,0.61812
177,10.05306,958.25,0.6549
178,9.66573,941.87,0.57221
179,10.52433,952.75,0.65668
180,10.05884,935.77002,0.62343
181,10.68266,936.17999,0.6599
182,11.18082,955.12,0.68129
183,11.28272,974.98999,0.69739
184,11.31772,969.90002,0.67563
185,11.08366,964.37,0.67422
186,12.14751,973.37,0.70654
187,12.08737,999.59003,0.72838
188,11.95235,986.52002,0.70373
189,12.17532,985.64001,0.72345
190,12.42835,993.0,0.75161
191,11.66733,947.60999,0.71667
192,12.8889,967.10999,0.75341
193,12.68531,986.28003,0.73164
194,12.27022,975.90002,0.72558
195,12.5145,968.95001,0.74983
196,13.15152,1002.0,0.7971
197,12.6752,994.21997,0.75917
198,13.06485,978.5,0.76447
199,13.50217,980.56,0.77753
200,13.72306,992.90002,0.78717
201,13.5952,973.53003,0.80405
202,13.3809,988.81,0.81092
203,13.83768,980.73999,0.81158
204,14.24638,999.76001,0.82478
205,14.0767,983.13,0.81125
206,14.19996,978.44,0.81871
207,14.83681,995.47998,0.84362
208,14.579,983.15002,0.83209
209,14.53932,992.34003,0.8382
210,14.53733,979.02002,0.82846
211,14.82085,985.42999,0.84234
212,15.2258,985.31,0.85462
213,15.19934,994.87,0.85884
214,15.26604,991.76001,0.85361
215,15.26105,1002.0,0.85009
216,15.74042,992.39001,0.87094
217,16.05086,997.59003,0.87445
218,16.45198,999.89001,0.88022
219,16.38795,990.69,0.87694
220,16.1195,991.41998,0.8794
221,16.29893,997.59003,0.88044
222,16.25317,998.39001,0.87858
223,16.47634,1002.0,0.86765
224,16.63961,997.78998,0.89447
225,16.60714,992.28998,0.8838
226,16.43275,992.28998,0.88321
227,16.93684,1002.0,0.88874
228,16.88802,999.83002,0.88283
229,17.02954,993.90997,0.8966
230,17.07667,997.22998,0.89142
231,17.3637,1002.0,0.89918
232,17.20287,983.21997,0.88467
233,17.5496,991.28998,0.8982
234,17.71296,999.63,0.89732
235,17.49763,986.0,0.89154
236,17.29216,997.34003,0.8936
237,17.5505,991.04999,0.89391
238,17.60385,988.83002,0.89465
239,18.1807,1002.0,0.91132
240,18.0791,992.90997,0.9049
241,18.14061,997.41998,0.91421
242,18.07968,995.0,0.90725
243,18.0461,997.64001,0.90155
244,18.21798,993.07001,0.90201
245,17.89798,995.57001,0.89991
246,18.12149,993.33002,0.89884
247,18.73958,992.38,0.91627
248,18.4517,994.90002,0.90207
249,18.9407,999.73999,0.9213
250,18.49639,992.34998,0.90132
251,18.86717,992.59003,0.91
252,18.62469,992.46002,0.91165
253,18.41763,974.31,0.89418
254,19.08281,1002.0,0.91456
255,18.87786,994.88,0.91196
256,18.86926,989.97998,0.91259
257,19.12438,991.09003,0.9097
258,19.19768,997.75,0.91633
259,19.41735,999.69,0.92244
260,19.34064,993.41998,0.91207
261,19.44564,997.21997,0.9214
262,19.07644,983.10999,0.91081
263,19.37893,992.20001,0.91855
264,19.55001,1002.0,0.9257
265,19.29831,999.82001,0.91861
266,19.52495,992.38,0.92014
267,19.60917,1002.0,0.92361
268,19.45165,997.67999,0.9095
269,19.45619,995.12,0.91373
270,19.83363,1002.0,0.92626
271,19.5621,992.53998,0.91685
272,19.85497,997.73999,0.92446
273,20.13054,1002.0,0.92853
274,19.89219,997.15997,0.92205
275,19.99443,1002.0,0.92573
276,19.81913,1002.0,0.92597
277,20.10763,997.33002,0.92515
278,20.29606,1002.0,0.93217
279,19.90543,997.45001,0.92179
280,20.08649,994.97998,0.92356
281,20.04895,999.67999,0.9237
282,20.18612,992.32001,0.92608
283,20.1966,992.90002,0.92208
284,20.49852,999.69,0.9281
285,19.96495,991.08002,0.91924
286,20.10758,983.14001,0.91616
287,20.18173,993.12,0.91919
288,20.58261,997.20001,0.92882
289,20.56783,1002.0,0.92996
290,20.22527,994.91998,0.92165
291,20.64194,992.82001,0.92863
292,20.35702,994.88,0.92115
293,20.15389,976.71997,0.90037
294,20.54816,1002.0,0.93296
295,20.65684,997.48999,0.92581
296,20.52641,999.70001,0.92962
297,20.86735,1002.0,0.93247
298,20.79075,995.28003,0.92965
299,20.90221,997.26001,0.9332
300,20.68185,999.70001,0.93037
301,20.82288,1002.0,0.93361
302,20.81082,994.96997,0.92833
303,20.66584,992.65997,0.9312
304,20.86019,995.09003,0.92674
305,20.94039,1002.0,0.93453
306,20.85078,997.21997,0.93009
307,20.61837,990.23999,0.91588
308,21.08529,997.15997,0.93416
309,20.82397,997.21002,0.93333
310,20.94202,995.13,0.9287
311,21.10503,994.89001,0.93162
312,21.00573,995.51001,0.93403
313,21.02766,997.16998,0.93396
314,20.96922,994.89001,0.93213
315,21.11445,998.34998,0.93333
316,21.38949,1002.0,0.93833
317,21.07583,999.77002,0.93434
318,21.213,999.72998,0.93583
319,21.40779,1002.0,0.94
320,21.37076,994.98999,0.93445
321,21.3112,1002.0,0.93603
322,21.38132,997.09998,0.93654
323,21.28011,997.25,0.93531
324,21.38894,1002.0,0.93999
325,21.2438,992.46997,0.93243
326,21.74457,1002.0,0.9417
327,21.23577,992.32001,0.93361
328,21.1452,990.59998,0.92187
329,21.1127,988.5,0.92822
330,21.34466,999.73999,0.93192
331,21.36298,999.71997,0.93673
332,21.11267,992.94,0.92794
333,21.5011,994.90002,0.93391
334,21.36332,995.14001,0.92339
335,21.14429,990.29999,0.92642
336,21.38719,992.59998,0.92981
337,21.64931,999.69,0.93995
338,21.37135,999.87,0.93497
339,21.53321,995.02002,0.91871
340,21.3428,987.75,0.92605
341,21.63587,999.72998,0.93776
342,21.43979,999.72998,0.93951
343,21.3302,983.17999,0.92198
344,21.54455,993.09003,0.9278
345,21.25543,986.15997,0.92484
346,21.93671,999.71997,0.94174
347,21.49062,1002.0,0.93985
348,21.34686,987.71997,0.90132
349,21.43883,997.20001,0.93267
350,21.03396,978.25,0.92105
351,21.745,999.78003,0.93807
352,21.75584,999.78003,0.94025
353,21.35998,987.46997,0.92719
354,21.73148,999.78998,0.94014
355,21.57884,983.37,0.92746
356,21.45244,988.28998,0.93513
357,21.75119,994.88,0.93155
358,21.6565,995.03998,0.93151
359,21.8479,1002.0,0.93683
360,21.68758,992.44,0.93704
361,21.57514,985.12,0.93478
362,21.75367,992.56,0.93882
363,22.11576,1002.0,0.94588
364,21.74271,999.72998,0.93805
365,21.52568,990.63,0.92909
366,21.56741,990.31,0.94078
367,21.6714,992.38,0.93766
368,21.87329,997.20001,0.93407
369,21.83472,997.17999,0.93941
370,21.81069,995.44,0.93715
371,21.53549,990.15997,0.93474
372,21.84198,996.40002,0.93965
373,22.01752,997.72998,0.93633
374,22.0171,998.27002,0.94288
375,21.66625,985.28003,0.92694
376,21.67703,992.59003,0.93244
377,21.90117,999.76001,0.93747
378,21.86941,999.82001,0.93917
379,21.74194,990.71002,0.93094
380,22.16387,999.71002,0.94346
381,21.67969,992.77002,0.93516
382,21.81944,1002.0,0.94083
383,21.95246,999.65002,0.9393
384,22.00404,997.31,0.93833
385,21.8537,992.70001,0.93586
386,21.734,990.26001,0.92693
387,22.01766,994.89001,0.93883
388,22.02198,1002.0,0.94029
389,22.18452,1002.0,0.94535
390,21.89695,995.57001,0.93132
391,22.25426,994.90002,0.93652
392,22.01542,992.63,0.93707
393,22.06587,997.5,0.94018
394,21.97298,995.52002,0.93384
395,22.2823,999.81,0.94282
396,22.05657,999.71997,0.9413
397,22.19715,1002.0,0.94396
398,22.17889,999.71002,0.94494
399,22.2199,1002.0,0.94586
400,22.19417,1002.0,0.94161
401,22.14229,999.87,0.94118
402,22.33231,1002.0,0.94373
403,22.25513,995.34998,0.9431
404,22.03307,992.38,0.93886
405,22.2199,997.65002,0.93488
406,21.81826,990.31,0.93168
407,22.20341,1002.0,0.94177
408,22.02948,1000.60999,0.9396
409,21.87931,990.21997,0.91308
410,22.24528,996.09003,0.9363
411,22.16794,994.88,0.94305
412,22.23023,999.71002,0.94148
413,22.44704,999.71002,0.947
414,22.27608,1002.0,0.94224
415,22.25004,999.65997,0.94448
416,22.23155,997.89001,0.93782
417,22.13565,992.72998,0.93533
418,22.07976,992.84998,0.93883
419,22.10994,985.77002,0.93257
420,22.0918,992.62,0.93431
421,22.35236,1002.0,0.94217
422,22.29447,995.22998,0.93985
423,22.36819,999.92999,0.94601
424,22.48658,1002.0,0.94587
425,22.23638,993.48999,0.93616
426,22.10815,999.92999,0.94325
427,22.22415,1002.0,0.9435
428,22.33393,999.73999,0.94104
429,22.48198,997.27002,0.94456
430,22.11806,995.73999,0.93455
431,22.29626,999.83002,0.94358
432,22.31918,999.69,0.94433
433,22.43894,997.21997,0.9471
434,22.16131,985.94,0.92774
435,22.22939,988.08002,0.94304
436,22.49669,999.66998,0.9497
437,22.45603,999.77002,0.94595
438,22.3191,989.97998,0.93469
439,22.00482,989.15997,0.92981
440,22.57664,999.66998,0.94531
441,22.23368,992.53003,0.93623
442,21.80626,981.03003,0.9251
443,22.5013,1000.01001,0.94644
444,22.24318,997.31,0.93273
445,22.17229,987.5,0.93653
446,21.75405,975.63,0.92696
447,22.55666,1002.0,0.94705
448,22.30248,997.17999,0.93656
449,22.46396,999.71997,0.94096
450,22.32936,987.98999,0.94225
451,21.94617,985.13,0.92711
452,22.37247,999.95001,0.9427
453,22.44072,1002.0,0.94821
454,22.40126,999.72998,0.94415
455,22.45181,1002.0,0.94599
456,22.37,995.21002,0.93973
457,22.49303,1002.0,0.94331
458,22.39415,997.28998,0.94342
459,22.49225,997.28998,0.94802
460,22.40639,999.78998,0.94464
461,22.41084,997.28003,0.94293
462,22.66141,1002.0,0.94835
463,22.56723,1002.0,0.94762
464,22.75768,1002.0,0.9489
465,22.31176,997.27002,0.94278
466,22.27349,992.57001,0.92988
467,22.41238,999.81,0.94417
468,22.54014,992.56,0.9397
469,22.57751,999.85999,0.9454
470,22.53526,997.21997,0.94433
471,22.61274,1002.0,0.94568
472,22.59513,997.23999,0.94193
473,22.33716,992.21002,0.93781
474,22.58532,999.70001,0.94707
475,22.52462,997.21997,0.94262
476,22.61853,993.02002,0.944
477,22.21856,984.75,0.91738
478,22.24157,987.14001,0.94084
479,22.79044,1002.0,0.94919
480,22.62137,997.64001,0.94575
481,22.32504,985.62,0.93475
482,22.63772,998.62,0.94705
483,22.69544,999.73999,0.94627
484,22.63652,1000.31,0.94663
485,22.70012,1002.0,0.94542
486,22.65511,999.83002,0.94452
487,22.69139,997.59003,0.94512
488,22.58259,1002.0,0.94417
489,22.32104,990.21997,0.93327
490,22.39463,990.58002,0.93456
491,22.49359,997.37,0.93688
492,22.65906,994.94,0.94289
493,22.73307,999.78003,0.94613
494,22.66231,997.15997,0.94476
495,22.74006,997.65002,0.94594
496,22.62436,997.58002,0.9423
497,22.86481,1000.10999,0.94369
498,22.60383,997.28003,0.94001
499,22.53308,997.26001,0.93968
