t_s,roll,pitch,yaw,battery_soc_pct,power_v,foot_force_0,foot_force_1,foot_force_2,foot_force_3
1.2614,-0.0309,-0.0141,0.12,38,28.454994,89,78,89,92
2.2616,-0.0309,-0.0138,0.1206,38,28.454994,89,80,89,92
3.2618,-0.0309,-0.0139,0.1205,38,28.463846,89,80,89,92
4.2612,-0.0308,-0.0136,0.1206,38,28.463846,90,80,89,92
5.2618,-0.031,-0.0134,0.1207,38,28.463846,90,80,89,92
6.2615,-0.0309,-0.0138,0.1211,38,28.463846,90,80,89,92
7.2616,-0.0311,-0.0133,0.1207,38,28.454994,90,80,89,92
8.2648,-0.0313,-0.0137,0.1215,38,28.454994,90,80,90,93
9.2616,-0.0312,-0.0134,0.1216,38,28.463846,90,80,90,93
10.2651,-0.031,-0.0134,0.1219,38,28.454994,90,81,90,93
11.2618,-0.0312,-0.0135,0.1226,38,28.454994,90,81,90,93
12.2618,-0.0312,-0.0134,0.1224,38,28.463846,90,81,90,93
13.2616,-0.0309,-0.0138,0.1232,38,28.454994,90,81,90,93
14.2618,-0.0307,-0.0136,0.1235,38,28.454994,90,81,90,93
15.2619,-0.0306,-0.0143,0.1238,38,28.454994,90,81,90,93
16.262,-0.0309,-0.0138,0.1248,38,28.454994,92,81,90,94
17.2619,-0.0307,-0.0137,0.125,38,28.463846,92,81,90,94
18.2625,-0.0309,-0.0131,0.1252,38,28.454994,92,82,90,94
19.2616,-0.0313,-0.013,0.1264,38,28.454994,92,82,90,94
20.262,-0.0311,-0.0135,0.1271,38,28.446138,92,82,90,94
