t_s,mode,gait_type,body_height_m,vx,vy,vz
0.5287,0,0,0.320709,0.004747,0.002548,-0.027881
0.5782,0,0,0.320707,0.005731,-0.011952,-0.033171
0.6286,0,0,0.320704,-0.006297,0.003481,-0.029441
0.6786,0,0,0.32071,-0.016919,-0.000465,-0.028526
0.7368,0,0,0.320708,-0.008819,0.009003,-0.027898
0.7785,0,0,0.320707,0.006245,-0.002356,-0.031256
0.8286,0,0,0.320709,-0.004422,-0.009316,-0.035589
0.8787,0,0,0.320708,-0.002909,-0.01469,-0.031561
0.9277,0,0,0.32071,-0.001356,-0.003975,-0.029553
0.9777,0,0,0.320708,0.014859,0.003327,-0.028889
1.0278,0,0,0.320707,-0.001362,-0.007233,-0.028811
1.0778,0,0,0.320709,0.009924,-0.009347,-0.028424
1.1279,0,0,0.320708,-0.003511,0.002329,-0.027973
1.1792,0,0,0.320709,-0.010157,-0.008765,-0.028565
1.2278,0,0,0.320704,0.002377,-0.01635,-0.027801
1.2776,0,0,0.320705,0.001123,0.011207,-0.026682
1.3288,0,0,0.320708,-0.010096,-0.00788,-0.027328
1.3784,0,0,0.320708,-0.00392,-0.004634,-0.027919
1.4278,0,0,0.320708,-0.001701,0.009482,-0.028039
1.4781,0,0,0.320705,0.002357,-0.000725,-0.030934
1.5276,0,0,0.320702,-0.007829,-0.00332,-0.030889
1.5779,0,0,0.320708,-0.017746,-0.008352,-0.029034
1.628,0,0,0.320711,0.000371,-0.010136,-0.02889
1.6778,0,0,0.320707,-0.00756,-0.000697,-0.027958
1.7278,0,0,0.320707,-0.005092,0.005362,-0.028284
1.7783,0,0,0.320707,0.00459,-0.020984,-0.028586
1.8279,0,0,0.320708,-0.002947,-0.000475,-0.027828
1.8795,0,0,0.320708,0.012231,-0.015356,-0.029456
1.9279,0,0,0.320711,0.014485,0.005951,-0.030217
1.9777,0,0,0.320705,-0.002817,0.002223,-0.028515
2.0278,0,0,0.320708,0.003085,0.010696,-0.027052
2.078,0,0,0.320708,0.001322,0.000619,-0.02657
2.1279,0,0,0.320707,0.010518,-0.003001,-0.027529
2.1776,0,0,0.320708,0.004136,-0.01817,-0.027704
2.2277,0,0,0.320709,0.003798,0.001986,-0.027623
2.278,0,0,0.320708,-0.005447,-0.005938,-0.02801
2.3277,0,0,0.320705,-0.00465,0.002353,-0.027897
2.3779,0,0,0.320707,-0.000644,-0.003813,-0.031322
2.4282,0,0,0.320708,0.001734,0.010873,-0.029526
2.4778,0,0,0.320708,0.006772,-0.00381,-0.028787
2.5278,0,0,0.320705,-0.004596,-0.008576,-0.031529
2.578,0,0,0.320708,-0.00015,-0.015022,-0.03321
2.6278,0,0,0.32071,-0.004748,-0.011437,-0.030804
2.6783,0,0,0.320705,-5.1e-05,0.008416,-0.028599
2.7279,0,0,0.320711,-0.001321,-0.006699,-0.028497
2.7779,0,0,0.320708,-0.000157,0.001959,-0.027946
2.8278,0,0,0.320708,-3.9e-05,-0.003922,-0.028268
2.8778,0,0,0.320707,-0.001203,-0.013882,-0.028026
2.9279,0,0,0.320706,0.008236,0.005356,-0.027557
2.978,0,0,0.32071,-0.000822,0.002915,-0.02757
3.0279,0,0,0.320707,-0.009232,0.00821,-0.027595
3.0778,0,0,0.32071,0.017937,-0.002233,-0.033724
3.1288,0,0,0.320707,0.008715,0.011116,-0.036118
3.1779,0,0,0.320708,0.001838,0.001473,-0.03335
3.2275,0,0,0.320708,-0.007717,0.003333,-0.029662
3.2781,0,0,0.320707,-0.009164,-0.00663,-0.028611
3.328,0,0,0.320707,-0.002829,0.001309,-0.033313
3.3778,0,0,0.320703,0.005828,0.001134,-0.036026
3.4277,0,0,0.320707,-0.004448,0.001365,-0.032516
3.4777,0,0,0.32071,0.002704,-0.003015,-0.029656
3.5278,0,0,0.320707,0.004864,-0.003626,-0.028709
3.5779,0,0,0.320704,0.012122,-0.013125,-0.031632
3.6277,0,0,0.320705,-0.004445,-0.008798,-0.030135
3.6794,0,0,0.320711,0.003073,-0.005384,-0.028525
3.7278,0,0,0.320708,0.015214,-0.007641,-0.028481
3.7779,0,0,0.320707,0.001821,-0.009679,-0.031694
3.8285,0,0,0.320707,7.4e-05,0.00449,-0.035228
3.878,0,0,0.320708,-0.001527,0.006771,-0.030077
3.9285,0,0,0.32071,0.007115,0.006292,-0.028351
3.9785,0,0,0.320709,0.006746,0.009258,-0.028258
4.0281,0,0,0.320707,0.002733,0.000546,-0.028872
4.078,0,0,0.320705,-0.009427,-0.011769,-0.032345
4.1278,0,0,0.320706,-0.003834,-0.003628,-0.030044
4.1779,0,0,0.320703,-0.010472,-0.000345,-0.028853
4.2282,0,0,0.320708,-0.015809,-0.002178,-0.029204
4.2778,0,0,0.320707,0.015791,0.01313,-0.029083
4.3348,0,0,0.320706,0.003454,0.005205,-0.028145
4.3781,0,0,0.320711,0.004823,-0.012525,-0.029258
4.4279,0,0,0.320709,-0.000608,0.001864,-0.029282
4.478,0,0,0.320707,0.001459,-0.002603,-0.029329
4.5282,0,0,0.320707,0.001028,-0.010782,-0.028767
4.579,0,0,0.320708,-0.001635,-0.001534,-0.028428
4.6278,0,0,0.32071,0.005519,0.001379,-0.028685
4.6786,0,0,0.320709,-0.002775,-0.005533,-0.029318
4.7279,0,0,0.320702,0.000325,0.001099,-0.034968
4.7778,0,0,0.320705,0.002033,0.009458,-0.033496
4.8279,0,0,0.320709,0.009006,0.002574,-0.029993
4.8793,0,0,0.320708,0.009404,-0.002387,-0.030486
4.928,0,0,0.32071,-0.005151,-0.003642,-0.030982
4.9779,0,0,0.320707,0.003273,-0.004197,-0.03146
5.0289,0,0,0.320708,0.001034,-0.010801,-0.029441
5.0797,0,0,0.320707,0.007856,-0.002899,-0.028226
5.1279,0,0,0.320709,-0.014727,0.001554,-0.027702
5.1778,0,0,0.320707,-0.00115,-0.001351,-0.02792
5.2281,0,0,0.320708,-0.003373,-0.003888,-0.027643
5.278,0,0,0.320712,-0.007412,-0.003579,-0.027689
5.328,0,0,0.320706,0.011036,-0.001105,-0.027922
5.3784,0,0,0.320707,-0.000504,-0.003785,-0.028786
5.4278,0,0,0.320709,-0.002662,0.003889,-0.033669
5.478,0,0,0.320709,0.017633,-0.00045,-0.037204
5.528,0,0,0.320709,0.010892,-0.008762,-0.039927
5.5781,0,0,0.320708,-0.002867,0.01078,-0.031714
5.628,0,0,0.320703,0.004691,0.002337,-0.029778
5.6816,0,0,0.320707,-0.007569,-0.007516,-0.029078
5.7279,0,0,0.320708,0.00357,0.004446,-0.028109
5.7781,0,0,0.320708,-0.01726,-0.004054,-0.027993
5.8279,0,0,0.320705,0.007523,-0.016696,-0.032028
5.8779,0,0,0.320705,-0.000446,0.002671,-0.029946
5.928,0,0,0.320708,0.002967,-0.022411,-0.029189
5.9783,0,0,0.320707,-0.003918,0.001165,-0.028195
6.028,0,0,0.320708,-0.005168,-0.003818,-0.029141
6.0777,0,0,0.320707,0.006778,6.8e-05,-0.028765
6.128,0,0,0.320707,0.008462,0.006167,-0.028152
6.1789,0,0,0.32071,-0.002429,0.003616,-0.028832
6.2278,0,0,0.320705,-0.000611,-0.005472,-0.028737
6.278,0,0,0.320707,0.006796,0.005358,-0.028306
6.3277,0,0,0.320707,0.001887,-0.002453,-0.029191
6.3779,0,0,0.32071,0.000454,-0.003223,-0.029183
6.4277,0,0,0.32071,0.004606,-0.002125,-0.028559
6.4779,0,0,0.320708,-0.003922,-0.012636,-0.028065
6.5278,0,0,0.32071,0.01313,0.000222,-0.028281
6.5781,0,0,0.320705,-0.007014,-0.001407,-0.027921
6.6283,0,0,0.320711,0.015963,0.000201,-0.028033
6.678,0,0,0.320708,0.020833,-0.000266,-0.030527
6.728,0,0,0.320711,-0.014722,0.000683,-0.029549
6.778,0,0,0.320708,0.002408,0.00289,-0.02915
6.8284,0,0,0.320707,-0.002345,0.006626,-0.028779
6.8778,0,0,0.320712,0.001679,0.013752,-0.028223
6.9278,0,0,0.320709,-0.002233,-0.005497,-0.028116
6.9777,0,0,0.320705,0.008258,0.003528,-0.033523
7.0304,0,0,0.320707,0.005923,-0.008857,-0.032045
7.078,0,0,0.320705,0.011281,-0.001833,-0.029802
7.1277,0,0,0.320711,0.000287,-0.006876,-0.029305
7.1777,0,0,0.320708,2.5e-05,-0.000871,-0.029283
7.2279,0,0,0.320708,-0.001783,0.01048,-0.02908
7.278,0,0,0.320711,0.004185,0.000312,-0.028738
7.3279,0,0,0.320706,-0.008159,-0.002314,-0.028301
7.3782,0,0,0.320709,0.011444,-0.000817,-0.028198
7.4279,0,0,0.320707,-0.010679,0.003629,-0.028033
7.4834,0,0,0.320707,-0.004542,0.009126,-0.027562
7.528,0,0,0.320705,-0.008832,0.00182,-0.028499
7.578,0,0,0.320705,8.9e-05,0.000901,-0.028776
7.6281,0,0,0.320706,-0.001676,-0.005326,-0.028832
7.678,0,0,0.320706,-0.002245,-0.001419,-0.02877
7.7315,0,0,0.320706,-0.004345,0.002503,-0.02849
7.7779,0,0,0.320709,0.002276,0.003236,-0.028336
7.8277,0,0,0.320709,0.017835,-0.001082,-0.028589
7.878,0,0,0.320705,-0.005956,-0.006167,-0.027823
7.9282,0,0,0.320707,-0.016241,0.003337,-0.027659
7.9778,0,0,0.320705,0.004341,0.000478,-0.028547
8.0281,0,0,0.320706,0.009558,-8.1e-05,-0.028462
8.0777,0,0,0.320711,-0.002716,0.006205,-0.028403
8.1351,0,0,0.320708,0.011632,0.004831,-0.028075
8.1785,0,0,0.320704,-0.00797,-4.6e-05,-0.027171
8.2282,0,0,0.320705,-0.000672,-0.006427,-0.027891
8.2777,0,0,0.320705,0.001006,0.013291,-0.027259
8.3278,0,0,0.320708,-0.008997,-0.017816,-0.028286
8.3795,0,0,0.320705,0.013034,-0.011088,-0.030787
8.4279,0,0,0.320708,0.006581,-0.010211,-0.034069
8.4779,0,0,0.320706,-0.004784,0.0106,-0.029297
8.5316,0,0,0.320706,0.011994,0.014371,-0.028046
8.578,0,0,0.320705,-0.004981,-0.000944,-0.027382
8.6279,0,0,0.320707,-0.002604,0.004787,-0.027306
8.6779,0,0,0.320713,0.001221,0.009814,-0.031562
8.7278,0,0,0.320711,-0.005937,-0.004389,-0.028951
8.7779,0,0,0.320706,0.003529,-0.011915,-0.028217
8.8279,0,0,0.32071,-0.01021,0.004345,-0.027797
8.8779,0,0,0.320707,0.009406,0.003602,-0.028127
8.9279,0,0,0.320706,0.005058,-0.006177,-0.034276
8.9779,0,0,0.320708,-0.012482,0.001067,-0.030108
9.0282,0,0,0.320709,0.007393,-0.006444,-0.028484
9.0779,0,0,0.320709,-0.012816,0.006152,-0.02838
9.1279,0,0,0.32071,-0.003589,-0.00182,-0.028261
9.178,0,0,0.320711,-0.002156,0.006703,-0.02852
9.2281,0,0,0.320708,0.005731,-0.008767,-0.028799
9.278,0,0,0.32071,-0.013903,-0.007762,-0.028925
9.3279,0,0,0.32071,-0.003186,0.004263,-0.027905
9.3779,0,0,0.320708,0.007519,0.007266,-0.027935
9.4279,0,0,0.320708,0.001719,0.010088,-0.027943
9.4778,0,0,0.32071,-0.008353,-0.002248,-0.027389
9.5283,0,0,0.320708,0.006615,-0.002496,-0.028669
9.58,0,0,0.320707,0.000559,0.00308,-0.028376
9.6282,0,0,0.32071,0.004969,0.00906,-0.028137
9.6782,0,0,0.32071,0.012378,0.003768,-0.028545
9.7278,0,0,0.320703,0.003479,-0.006901,-0.02879
9.778,0,0,0.320707,0.000868,0.009013,-0.034691
9.8277,0,0,0.320708,0.003087,0.007781,-0.030905
9.878,0,0,0.320708,0.008559,-0.006408,-0.02976
9.9278,0,0,0.320708,0.008132,-0.01274,-0.029077
9.9781,0,0,0.320711,0.017821,-0.005764,-0.031023
10.028,0,0,0.320708,-0.009859,-0.000483,-0.031911
10.0778,0,0,0.320706,0.005705,0.000816,-0.030394
10.1284,0,0,0.320703,-0.004352,-0.014512,-0.028799
10.178,0,0,0.320707,0.007541,-0.009448,-0.031541
10.2278,0,0,0.32071,0.001264,-0.010701,-0.029387
10.2777,0,0,0.320707,-0.007899,-0.003473,-0.028641
10.3362,0,0,0.32071,0.001975,0.009475,-0.028037
10.3781,0,0,0.320706,0.010762,0.007458,-0.027441
10.428,0,0,0.320705,-0.000157,0.002539,-0.027988
10.4779,0,0,0.320703,0.021717,-0.006924,-0.030606
10.5279,0,0,0.320711,-0.004827,0.003606,-0.029993
10.578,0,0,0.320708,0.012486,0.003176,-0.032484
10.6283,0,0,0.32071,-0.002212,-0.00904,-0.030722
10.678,0,0,0.320702,-0.009296,0.003079,-0.029228
10.7279,0,0,0.320708,-0.000332,0.002383,-0.028898
10.7783,0,0,0.320711,0.001936,0.004198,-0.028
10.828,0,0,0.320712,0.01104,-0.008297,-0.028521
10.8782,0,0,0.320705,0.002225,-0.003176,-0.028493
10.928,0,0,0.320707,-0.006563,0.00092,-0.030375
10.9802,0,0,0.320711,0.001001,0.012233,-0.035811
11.0284,0,0,0.320708,-0.001791,0.0014,-0.031634
11.0782,0,0,0.320707,-0.005115,-0.011732,-0.029832
11.1278,0,0,0.320709,0.007464,0.005426,-0.029016
11.1782,0,0,0.320707,-0.009197,0.00593,-0.028445
11.2281,0,0,0.320708,0.008336,-0.003187,-0.028708
11.2778,0,0,0.320708,-0.002649,-0.004329,-0.028791
11.3282,0,0,0.320709,0.005017,-0.009544,-0.028585
11.3804,0,0,0.320712,0.004202,-0.004694,-0.032775
11.428,0,0,0.320708,-0.001016,0.010878,-0.029185
11.478,0,0,0.320707,-0.008545,-0.003505,-0.028727
11.5283,0,0,0.320711,-0.000387,0.008057,-0.0279
11.5779,0,0,0.320713,-0.008029,-0.008865,-0.029247
11.6354,0,0,0.320707,0.004487,-0.004136,-0.028012
11.6783,0,0,0.320708,0.007425,-0.014557,-0.028853
11.7281,0,0,0.320702,0.002041,-0.005087,-0.028624
11.7778,0,0,0.320709,0.004035,-0.005005,-0.032832
11.8278,0,0,0.32071,0.019771,0.0045,-0.033126
11.878,0,0,0.320705,0.005428,0.00732,-0.032051
11.928,0,0,0.320706,0.003161,-0.019946,-0.030466
11.978,0,0,0.320705,-0.006141,-0.002196,-0.029145
12.0291,0,0,0.320705,0.000276,-0.000493,-0.028598
12.0781,0,0,0.320707,0.001619,-0.002273,-0.028625
12.1279,0,0,0.320707,-0.003166,-0.00183,-0.028198
12.178,0,0,0.320708,-0.003482,0.016203,-0.027515
12.2294,0,0,0.320707,0.009184,-0.008244,-0.028766
12.2821,0,0,0.320707,0.003459,0.001193,-0.028364
12.3279,0,0,0.32071,-0.008015,0.001458,-0.028342
12.3778,0,0,0.320708,0.002757,-0.001425,-0.02834
12.4281,0,0,0.32071,0.004548,0.003758,-0.02862
12.4781,0,0,0.320704,-0.003129,-0.000253,-0.028595
12.5294,0,0,0.320709,0.004066,-0.008698,-0.02861
12.5785,0,0,0.320708,0.005256,0.007767,-0.028433
12.6282,0,0,0.320707,-0.004097,-0.005886,-0.027213
12.6779,0,0,0.320708,-0.009007,-0.008152,-0.027349
12.7282,0,0,0.320708,0.003414,-0.000978,-0.027398
12.7781,0,0,0.320705,-0.012606,0.007336,-0.027282
12.8278,0,0,0.320706,-0.005105,-0.006691,-0.031156
12.88,0,0,0.320708,0.005969,0.016411,-0.028924
12.9282,0,0,0.320707,0.004534,-0.007459,-0.029238
12.9779,0,0,0.32071,-0.002948,-0.009439,-0.028807
13.0279,0,0,0.320704,-0.001512,0.012175,-0.027601
13.078,0,0,0.320706,0.013826,0.008398,-0.031213
13.1279,0,0,0.320703,0.004912,0.010352,-0.029171
13.1781,0,0,0.32071,0.004179,-0.006848,-0.029049
13.2282,0,0,0.320707,-0.002284,-0.009303,-0.033183
13.2781,0,0,0.320708,-0.007233,0.00537,-0.029838
13.3279,0,0,0.320711,0.012987,-0.004357,-0.028973
13.3782,0,0,0.320705,0.011923,-0.008211,-0.029854
13.428,0,0,0.32071,-0.006913,0.000298,-0.034146
13.4783,0,0,0.320708,-0.007851,0.001415,-0.029959
13.5281,0,0,0.320708,0.002621,0.00085,-0.028751
13.578,0,0,0.320707,0.006367,-0.010757,-0.02832
13.6281,0,0,0.320706,2.4e-05,0.003058,-0.027506
13.6782,0,0,0.320705,0.006686,-0.006999,-0.027121
13.7281,0,0,0.320706,-0.005493,-0.000568,-0.027172
13.7784,0,0,0.320709,-0.000755,0.000309,-0.030636
13.8279,0,0,0.320711,0.004109,-0.011347,-0.029188
13.878,0,0,0.320704,-0.00285,-0.009619,-0.029035
13.9281,0,0,0.320707,0.00224,0.005595,-0.027755
13.978,0,0,0.320711,-0.000766,-0.001691,-0.027705
14.0281,0,0,0.320708,-0.000679,-0.006583,-0.028425
14.0781,0,0,0.320706,-0.00655,-0.008839,-0.028498
14.1298,0,0,0.32071,0.004634,0.007263,-0.031344
14.1805,0,0,0.320706,0.001391,0.009712,-0.029281
14.2279,0,0,0.320709,-0.001977,0.009901,-0.028376
14.278,0,0,0.320708,-0.002216,-0.001326,-0.028542
14.3283,0,0,0.320709,0.008209,-0.001136,-0.028698
14.3783,0,0,0.320705,-0.003328,0.004673,-0.028046
14.4278,0,0,0.32071,-0.007007,0.010389,-0.030052
14.4788,0,0,0.320705,-0.002669,-0.005999,-0.02808
14.5285,0,0,0.320708,-0.001896,-0.003039,-0.028255
14.5782,0,0,0.320705,0.00872,0.002369,-0.028058
14.6279,0,0,0.320707,0.002717,0.002146,-0.031278
14.6782,0,0,0.320711,-0.000688,0.005183,-0.029413
14.728,0,0,0.320705,0.002986,-0.000321,-0.028735
14.7781,0,0,0.320708,0.005116,-0.000126,-0.028584
14.8279,0,0,0.320704,0.00489,0.003145,-0.028714
14.8779,0,0,0.320708,0.000327,0.014679,-0.027647
14.9282,0,0,0.320708,-0.009635,0.005133,-0.027462
14.9781,0,0,0.320706,0.015367,-0.000861,-0.027907
15.0281,0,0,0.320707,-0.006573,0.001401,-0.03081
15.0779,0,0,0.320705,0.003603,-0.002027,-0.029521
15.1282,0,0,0.32071,-0.001121,-0.006388,-0.028547
15.1779,0,0,0.320707,-0.011359,-0.012062,-0.027518
15.228,0,0,0.320705,0.002709,0.006806,-0.028083
15.2778,0,0,0.320704,-0.004668,0.003726,-0.029951
15.3279,0,0,0.320705,0.005762,0.003527,-0.031839
15.378,0,0,0.320705,-0.010496,0.01179,-0.028788
15.4281,0,0,0.320708,-0.001092,-0.007268,-0.028924
15.4781,0,0,0.320705,-0.001657,0.011113,-0.02825
15.5278,0,0,0.320706,-0.000841,-0.001026,-0.027797
15.5785,0,0,0.320708,0.006149,0.004171,-0.026596
15.6279,0,0,0.320711,-0.001491,-0.012779,-0.027568
15.6779,0,0,0.32071,0.014176,0.009872,-0.027662
15.7281,0,0,0.320702,0.004071,0.000497,-0.028116
15.7801,0,0,0.320707,0.008887,0.007403,-0.02793
15.828,0,0,0.32071,0.0021,-0.006779,-0.028415
15.8783,0,0,0.320711,-0.005775,-0.013922,-0.029247
15.9284,0,0,0.320713,-5.185037e-07,-0.012963,-0.029089
15.9778,0,0,0.320704,-0.004153,0.007549,-0.027999
16.0283,0,0,0.320704,0.008194,0.010604,-0.027818
16.078,0,0,0.320703,-0.011382,-0.001399,-0.027501
16.1282,0,0,0.320708,-0.006767,-0.000634,-0.028172
16.178,0,0,0.320708,-0.006342,0.015734,-0.031937
16.2283,0,0,0.320707,0.001886,-0.007713,-0.036702
16.278,0,0,0.320707,0.01544,-0.008613,-0.036783
16.3281,0,0,0.320708,0.003963,-0.009265,-0.031746
16.3779,0,0,0.320707,0.011489,-1.1e-05,-0.029119
16.428,0,0,0.320709,0.007304,0.007619,-0.031256
16.4781,0,0,0.320709,0.008058,-0.009382,-0.029859
16.528,0,0,0.32071,-0.011414,-0.00268,-0.028426
16.5784,0,0,0.32071,-0.006396,0.0078,-0.027626
16.6289,0,0,0.320705,-0.002573,0.004938,-0.028281
16.6782,0,0,0.320707,-0.002309,-0.005149,-0.028577
16.7282,0,0,0.320708,-0.00725,0.01107,-0.028239
16.7782,0,0,0.320709,-0.003724,-0.009418,-0.028003
16.8281,0,0,0.320708,0.006393,-0.016749,-0.028187
16.878,0,0,0.320708,0.002208,-0.010702,-0.027815
16.928,0,0,0.32071,-0.0092,0.013255,-0.029643
16.9779,0,0,0.320709,-0.001662,-0.003802,-0.028737
17.0278,0,0,0.320706,-0.001156,-0.006753,-0.028347
17.078,0,0,0.32071,-0.00122,-0.007491,-0.028
17.1281,0,0,0.320708,0.005532,-0.002192,-0.033429
17.1781,0,0,0.320705,0.009105,-0.003427,-0.036749
17.229,0,0,0.320711,-0.016221,-0.001011,-0.033422
17.2777,0,0,0.320706,0.000865,0.003824,-0.029325
17.3284,0,0,0.320704,-0.007909,-0.002379,-0.032031
17.3781,0,0,0.320707,-0.008223,0.007799,-0.028943
17.4278,0,0,0.320706,-0.003605,0.000801,-0.027533
17.4783,0,0,0.320711,0.00226,-0.002676,-0.02768
17.5283,0,0,0.320708,-0.006002,-0.01082,-0.027439
17.5781,0,0,0.320705,0.000138,0.010212,-0.027799
17.6283,0,0,0.320708,-0.008623,0.010375,-0.031726
17.6779,0,0,0.320711,0.003136,-0.003299,-0.030205
17.7279,0,0,0.32071,0.002907,0.000375,-0.0276
17.778,0,0,0.320706,-0.002337,-0.008956,-0.027868
17.8282,0,0,0.320706,-0.000617,-0.005352,-0.028467
17.8778,0,0,0.320711,-0.010097,1.5e-05,-0.030557
17.928,0,0,0.320709,0.006459,0.00533,-0.027959
17.9787,0,0,0.320707,-0.002958,0.001058,-0.027958
18.028,0,0,0.320707,0.001191,0.009199,-0.027847
18.078,0,0,0.32071,-4.5e-05,0.000563,-0.029777
18.1282,0,0,0.320705,-0.012979,0.016351,-0.030849
18.1782,0,0,0.320708,-0.005962,0.009485,-0.029005
18.2281,0,0,0.320706,0.006077,0.013382,-0.028149
18.2782,0,0,0.320707,-0.006262,0.002934,-0.027804
18.3279,0,0,0.32071,-0.009729,-0.006114,-0.028162
18.3782,0,0,0.320706,-0.014489,-0.006227,-0.027342
18.4279,0,0,0.320708,0.001077,-0.008858,-0.027636
18.4779,0,0,0.320714,0.002829,0.002227,-0.027514
18.5297,0,0,0.320707,-0.016783,-0.023965,-0.02797
18.5779,0,0,0.320709,0.002032,-0.000478,-0.027883
18.6281,0,0,0.320708,0.007152,0.000664,-0.028135
18.6781,0,0,0.320706,0.011643,-0.001974,-0.028069
18.7282,0,0,0.320707,-0.013655,7.4e-05,-0.030687
18.7779,0,0,0.32071,0.005936,-0.005297,-0.028944
18.8279,0,0,0.32071,0.011175,-0.012885,-0.034029
18.8784,0,0,0.320706,-0.011096,0.001509,-0.032473
18.9282,0,0,0.320706,-0.002712,-0.001624,-0.030894
18.9778,0,0,0.32071,-0.000104,-0.003671,-0.029235
19.0279,0,0,0.320708,0.003065,0.008113,-0.028039
19.0785,0,0,0.320705,-0.003896,-0.009408,-0.028135
19.1281,0,0,0.320705,0.005537,0.001183,-0.028083
19.178,0,0,0.320711,-0.006908,-0.005981,-0.027715
19.2278,0,0,0.320708,-0.000279,0.001473,-0.027199
19.2781,0,0,0.320709,-0.004376,0.00237,-0.027072
19.328,0,0,0.320708,-0.004861,-0.003469,-0.026848
19.3787,0,0,0.320702,0.011479,-0.001419,-0.027765
19.4281,0,0,0.320707,0.006538,-0.000829,-0.0278
19.4779,0,0,0.320707,0.003632,-0.009623,-0.028277
19.5281,0,0,0.320709,-0.004811,-0.00499,-0.027924
19.578,0,0,0.320709,0.000776,0.005822,-0.028288
19.6281,0,0,0.320711,0.005303,-0.004034,-0.028398
19.6779,0,0,0.320708,0.005034,-0.001563,-0.02774
19.7283,0,0,0.320705,0.002425,0.012137,-0.026599
19.7781,0,0,0.320708,-0.005346,-0.012542,-0.028018
19.8282,0,0,0.320705,-0.00929,-0.003332,-0.028565
19.8778,0,0,0.320709,0.011717,0.004287,-0.028772
19.9391,0,0,0.320713,0.008839,0.004883,-0.032263
19.9987,0,0,0.320708,-0.002816,-0.009434,-0.03078
20.028,0,0,0.32071,-0.008447,0.009722,-0.02913
20.0825,0,0,0.320707,0.003948,-0.016818,-0.029313
20.128,0,0,0.320707,-0.000236,-0.00353,-0.028076
20.1778,0,0,0.3207,0.002752,-0.006266,-0.028172
20.2279,0,0,0.320708,-0.011751,-0.00473,-0.027488
20.278,0,0,0.320705,-0.00333,-0.016029,-0.028484
20.3279,0,0,0.320705,-0.008436,-0.000806,-0.031518
20.378,0,0,0.320708,-0.009404,-0.009583,-0.03057
20.4281,0,0,0.320713,-0.00724,0.00193,-0.028688
20.478,0,0,0.320707,0.010425,-0.008468,-0.028252
