time_s,base_height_m
0.0,0.32976
0.02,0.32583
0.04,0.3173
0.06,0.30529
0.08,0.29313
0.1,0.27858
0.12,0.26302
0.14,0.24879
0.16,0.23702
0.18,0.22483
0.2,0.21167
0.22,0.20076
0.24,0.19255
0.26,0.18786
0.28,0.18646
0.3,0.18734
0.32,0.19009
0.34,0.19518
0.36,0.20231
0.38,0.20946
0.4,0.2158
0.42,0.22288
0.44,0.23035
0.46,0.23773
0.48,0.24506
0.5,0.2529
0.52,0.25858
0.54,0.26293
0.56,0.26724
0.58,0.2719
0.6,0.2745
0.62,0.27622
0.64,0.27924
0.66,0.28284
0.68,0.28386
0.7,0.28273
0.72,0.28194
0.74,0.2811
0.76,0.27925
0.78,0.27597
0.8,0.27241
0.82,0.26931
0.84,0.26572
0.86,0.25965
0.88,0.25441
0.9,0.24973
0.92,0.24561
0.94,0.24158
0.96,0.23912
0.98,0.23739
1.0,0.23615
1.02,0.23493
1.04,0.23479
1.06,0.23424
1.08,0.2338
1.1,0.23465
1.12,0.23644
1.14,0.23818
1.16,0.24049
1.18,0.24193
1.2,0.24312
1.22,0.24453
1.24,0.2457
1.26,0.24659
1.28,0.24822
1.3,0.25068
1.32,0.25348
1.34,0.25566
1.36,0.25577
1.38,0.25639
1.4,0.25668
1.42,0.25688
1.44,0.256
1.46,0.25618
1.48,0.25681
1.5,0.25754
1.52,0.25603
1.54,0.25483
1.56,0.2537
1.58,0.25271
1.6,0.25073
1.62,0.24981
1.64,0.24957
1.66,0.24977
1.68,0.2488
1.7,0.24792
1.72,0.24745
1.74,0.24684
1.76,0.24593
1.78,0.24564
1.8,0.24601
1.82,0.24671
1.84,0.24711
1.86,0.24644
1.88,0.2466
1.9,0.24657
1.92,0.24665
1.94,0.24649
1.96,0.24738
1.98,0.24855
2.0,0.24993
2.02,0.24952
2.04,0.24969
2.06,0.24987
2.08,0.25015
2.1,0.24963
2.12,0.25012
2.14,0.25103
2.16,0.25224
2.18,0.25209
2.2,0.25145
2.22,0.25127
2.24,0.25103
2.26,0.25032
2.28,0.24998
2.3,0.25043
2.32,0.25126
2.34,0.25166
2.36,0.25057
2.38,0.25026
2.4,0.24971
2.42,0.24922
2.44,0.24838
2.46,0.24869
2.48,0.2494
2.5,0.25034
2.52,0.24954
2.54,0.24931
2.56,0.24899
2.58,0.24872
2.6,0.24782
2.62,0.24809
2.64,0.24887
2.66,0.25003
2.68,0.24991
2.7,0.24952
2.72,0.24949
2.74,0.24932
2.76,0.24871
2.78,0.24863
2.8,0.24933
2.82,0.2504
2.84,0.251
2.86,0.25017
2.88,0.2501
2.9,0.2498
2.92,0.24954
2.94,0.24885
2.96,0.24928
2.98,0.25009
3.0,0.25107
3.02,0.25031
3.04,0.25011
3.06,0.24988
3.08,0.24973
3.1,0.24882
3.12,0.249
3.14,0.24964
3.16,0.25064
3.18,0.25035
3.2,0.2498
3.22,0.24967
3.24,0.24944
3.26,0.24878
3.28,0.24859
3.3,0.24915
3.32,0.25006
3.34,0.25055
3.36,0.24964
3.38,0.24954
3.4,0.24921
3.42,0.24895
3.44,0.2483
3.46,0.24876
3.48,0.24958
3.5,0.25061
3.52,0.24987
3.54,0.24968
3.56,0.24944
3.58,0.24929
3.6,0.24839
3.62,0.2486
3.64,0.2493
3.66,0.25037
3.68,0.25012
3.7,0.24956
3.72,0.2494
3.74,0.24912
3.76,0.24841
3.78,0.24818
3.8,0.24873
3.82,0.24967
3.84,0.25016
3.86,0.24921
3.88,0.24903
3.9,0.24863
3.92,0.2483
3.94,0.24755
3.96,0.24793
3.98,0.24872
4.0,0.24971
4.02,0.24894
4.04,0.24878
4.06,0.24857
4.08,0.24845
4.1,0.24762
4.12,0.24792
4.14,0.24871
4.16,0.24985
4.18,0.24972
4.2,0.24933
4.22,0.24934
4.24,0.24923
4.26,0.24869
4.28,0.24861
4.3,0.2493
4.32,0.25035
4.34,0.25095
4.36,0.25012
4.38,0.25008
4.4,0.24981
4.42,0.24959
4.44,0.24893
4.46,0.24939
4.48,0.25021
4.5,0.25122
4.52,0.25046
4.54,0.25024
4.56,0.24998
4.58,0.2498
4.6,0.24884
4.62,0.24896
4.64,0.24957
4.66,0.25054
4.68,0.25021
4.7,0.24957
4.72,0.24935
4.74,0.24903
4.76,0.24828
4.78,0.24801
4.8,0.24852
4.82,0.24941
4.84,0.24987
4.86,0.24892
4.88,0.24876
4.9,0.24838
4.92,0.24807
4.94,0.24738
4.96,0.2478
4.98,0.24862
5.0,0.24965
5.02,0.24891
5.04,0.24876
5.06,0.24856
5.08,0.24846
5.1,0.24762
5.12,0.2479
5.14,0.24868
5.16,0.24983
5.18,0.24967
5.2,0.24923
5.22,0.24918
5.24,0.24903
5.26,0.24843
5.28,0.24828
5.3,0.2489
5.32,0.24991
5.34,0.25047
5.36,0.24958
5.38,0.24947
5.4,0.24914
5.42,0.24888
5.44,0.24816
5.46,0.24856
5.48,0.24935
5.5,0.25035
5.52,0.24958
5.54,0.24938
5.56,0.24914
5.58,0.249
5.6,0.24811
5.62,0.24833
5.64,0.24903
5.66,0.2501
5.68,0.24988
5.7,0.24939
5.72,0.2493
5.74,0.2491
5.76,0.24847
5.78,0.24831
5.8,0.24893
5.82,0.24992
5.84,0.25046
5.86,0.24958
5.88,0.24948
5.9,0.24917
5.92,0.24891
5.94,0.24823
5.96,0.24867
5.98,0.24949
6.0,0.25051
6.02,0.24975
6.04,0.24956
6.06,0.24931
6.08,0.24916
6.1,0.24827
6.12,0.2485
6.14,0.24922
6.16,0.2503
6.18,0.25007
6.2,0.24955
6.22,0.24942
6.24,0.24918
6.26,0.24852
6.28,0.24832
6.3,0.2489
6.32,0.24986
6.34,0.25036
6.36,0.24943
6.38,0.24929
6.4,0.24893
6.42,0.24863
6.44,0.24791
6.46,0.24832
6.48,0.24912
6.5,0.2501
6.52,0.24932
6.54,0.24915
6.56,0.24893
6.58,0.24881
6.6,0.24796
6.62,0.24823
6.64,0.24898
6.66,0.25009
6.68,0.24991
6.7,0.24947
6.72,0.24944
6.74,0.2493
6.76,0.24872
6.78,0.24862
6.8,0.24928
6.82,0.25029
6.84,0.25086
6.86,0.25003
6.88,0.24997
6.9,0.24969
6.92,0.24946
6.94,0.2488
6.96,0.24927
6.98,0.25011
7.0,0.25114
7.02,0.2504
7.04,0.2502
7.06,0.24995
7.08,0.24978
7.1,0.24884
7.12,0.24899
7.14,0.24964
7.16,0.25065
7.18,0.25036
7.2,0.24977
7.22,0.24958
7.24,0.24928
7.26,0.24854
7.28,0.24829
7.3,0.24882
7.32,0.24973
7.34,0.2502
7.36,0.24926
7.38,0.24911
7.4,0.24873
7.42,0.24841
7.44,0.24771
7.46,0.24812
7.48,0.24893
7.5,0.24995
7.52,0.24922
7.54,0.24907
7.56,0.24887
7.58,0.24877
7.6,0.24795
7.62,0.24825
7.64,0.24904
7.66,0.25019
7.68,0.25005
7.7,0.24963
7.72,0.24961
7.74,0.24946
7.76,0.24888
7.78,0.24876
7.8,0.24942
7.82,0.25045
7.84,0.25102
7.86,0.25016
7.88,0.25008
7.9,0.24977
7.92,0.24951
7.94,0.24881
7.96,0.24923
7.98,0.25003
8.0,0.25101
8.02,0.25024
8.04,0.25003
8.06,0.24977
8.08,0.24961
8.1,0.24871
8.12,0.24893
8.14,0.24962
8.16,0.25067
8.18,0.25044
8.2,0.24993
8.22,0.24983
8.24,0.24961
8.26,0.24896
8.28,0.24882
8.3,0.24944
8.32,0.25041
8.34,0.25094
8.36,0.25007
8.38,0.24998
8.4,0.24965
8.42,0.24938
8.44,0.24872
8.46,0.24918
8.48,0.25001
8.5,0.25102
8.52,0.25028
8.54,0.25009
8.56,0.24985
8.58,0.24968
8.6,0.24876
8.62,0.24894
8.64,0.2496
8.66,0.25062
8.68,0.25034
8.7,0.24977
8.72,0.2496
8.74,0.24932
8.76,0.2486
8.78,0.24838
8.8,0.24892
8.82,0.24985
8.84,0.25033
8.86,0.24942
8.88,0.24928
8.9,0.24892
8.92,0.24862
8.94,0.24793
8.96,0.24835
8.98,0.24917
9.0,0.25019
9.02,0.24945
9.04,0.24928
9.06,0.24906
9.08,0.24893
9.1,0.24805
9.12,0.24828
9.14,0.249
9.16,0.25009
9.18,0.24987
9.2,0.24936
9.22,0.24923
9.24,0.24901
9.26,0.24834
9.28,0.24814
9.3,0.24872
9.32,0.24968
9.34,0.25019
9.36,0.24926
9.38,0.24911
9.4,0.24875
9.42,0.24845
9.44,0.24771
9.46,0.2481
9.48,0.24888
9.5,0.24985
9.52,0.24907
9.54,0.24888
9.56,0.24865
9.58,0.24853
9.6,0.24768
9.62,0.24796
9.64,0.24871
9.66,0.24983
9.68,0.24966
9.7,0.24923
9.72,0.2492
9.74,0.24906
9.76,0.2485
9.78,0.2484
9.8,0.24907
9.82,0.2501
9.84,0.25068
9.86,0.24983
9.88,0.24977
9.9,0.24948
9.92,0.24925
9.94,0.24858
9.96,0.24903
9.98,0.24986
